{"media/panorama_DCE5C8AC_CB85_E0DB_41DC_85EA061BF928_0/b/0/0_1.jpg":{"size":11565,"tags":["mobile","desktop"]},"misc/icon180.png":{"size":22123},"media/panorama_DCE5C8AC_CB85_E0DB_41DC_85EA061BF928_0/r/1/0_0.jpg":{"size":25240},"media/panorama_DB820E86_CB85_E0D7_41E1_8D603CC45895_0/r/1/0_0.jpg":{"size":22003},"media/panorama_DB820E86_CB85_E0D7_41E1_8D603CC45895_0/b/1/0_0.jpg":{"size":25649},"media/panorama_DB820E86_CB85_E0D7_41E1_8D603CC45895_0/b/0/1_0.jpg":{"size":24004,"tags":["mobile","desktop"]},"media/panorama_DB80F24C_CB85_E05B_41E6_5B4A07B846DF_0/l/0/1_0.jpg":{"size":21364,"tags":["mobile","desktop"]},"media/panorama_DB80F24C_CB85_E05B_41E6_5B4A07B846DF_0/f/vr/0.jpg":{"size":77812,"tags":"mobilevr"},"media/panorama_DB820E86_CB85_E0D7_41E1_8D603CC45895_0/f/vr/0.jpg":{"size":70242,"tags":"mobilevr"},"media/panorama_DB80F24C_CB85_E05B_41E6_5B4A07B846DF_0/r/0/1_0.jpg":{"size":24787,"tags":["mobile","desktop"]},"media/panorama_DCE5C8AC_CB85_E0DB_41DC_85EA061BF928_0/l/vr/0.jpg":{"size":51005,"tags":"mobilevr"},"script.js":{"size":97300},"media/panorama_DB80C668_CB85_E05B_41AA_59EA1C847556_0/r/vr/0.jpg":{"size":88993,"tags":"mobilevr"},"media/panorama_DB820E86_CB85_E0D7_41E1_8D603CC45895_0/l/0/1_0.jpg":{"size":21478,"tags":["mobile","desktop"]},"media/panorama_DCE5C8AC_CB85_E0DB_41DC_85EA061BF928_0/d/1/0_0.jpg":{"size":17814},"media/panorama_DCE5C8AC_CB85_E0DB_41DC_85EA061BF928_0/l/1/0_0.jpg":{"size":18676},"media/panorama_DCE5C8AC_CB85_E0DB_41DC_85EA061BF928_0/f/vr/0.jpg":{"size":72544,"tags":"mobilevr"},"lib/cursors/FNW.cur":{"size":4526},"media/panorama_DB820E86_CB85_E0D7_41E1_8D603CC45895_0/r/0/1_1.jpg":{"size":18719,"tags":["mobile","desktop"]},"browserconfig.xml":{"size":242},"media/panorama_DB80C668_CB85_E05B_41AA_59EA1C847556_0/b/vr/0.jpg":{"size":51581,"tags":"mobilevr"},"media/panorama_DB80C668_CB85_E05B_41AA_59EA1C847556_0/l/0/0_0.jpg":{"size":15542,"tags":["mobile","desktop"]},"misc/icon32.png":{"size":1952},"media/panorama_DCE5C8AC_CB85_E0DB_41DC_85EA061BF928_0/r/vr/0.jpg":{"size":68372,"tags":"mobilevr"},"media/panorama_DB820E86_CB85_E0D7_41E1_8D603CC45895_0/f/1/0_0.jpg":{"size":25149},"media/panorama_DB820E86_CB85_E0D7_41E1_8D603CC45895_t.jpg":{"size":4925},"lib/cursors/FE.cur":{"size":4526},"lib/cursors/grabbing.cur":{"size":326},"media/panorama_DCE5C8AC_CB85_E0DB_41DC_85EA061BF928_0/d/0/0_0.jpg":{"size":18132,"tags":["mobile","desktop"]},"media/panorama_DCE5C8AC_CB85_E0DB_41DC_85EA061BF928_0/b/1/0_0.jpg":{"size":16954},"index.htm":{"size":14310},"media/panorama_DCE5C8AC_CB85_E0DB_41DC_85EA061BF928_0/r/0/1_1.jpg":{"size":13234,"tags":["mobile","desktop"]},"media/panorama_DB80C668_CB85_E05B_41AA_59EA1C847556_0/f/1/0_0.jpg":{"size":28642},"media/panorama_DB80C668_CB85_E05B_41AA_59EA1C847556_0/b/0/0_0.jpg":{"size":13636,"tags":["mobile","desktop"]},"lib/cursors/W.cur":{"size":3542},"media/panorama_DCE5C8AC_CB85_E0DB_41DC_85EA061BF928_0/l/0/0_0.jpg":{"size":8886,"tags":["mobile","desktop"]},"media/panorama_DCE5C8AC_CB85_E0DB_41DC_85EA061BF928_0/l/0/1_1.jpg":{"size":18755,"tags":["mobile","desktop"]},"media/panorama_DB820E86_CB85_E0D7_41E1_8D603CC45895_0/f/0/1_1.jpg":{"size":16168,"tags":["mobile","desktop"]},"media/panorama_DB80C668_CB85_E05B_41AA_59EA1C847556_0/u/1/0_0.jpg":{"size":16025},"media/panorama_DB80F24C_CB85_E05B_41E6_5B4A07B846DF_0/f/0/0_1.jpg":{"size":13232,"tags":["mobile","desktop"]},"media/panorama_DB80F24C_CB85_E05B_41E6_5B4A07B846DF_0/d/0/1_1.jpg":{"size":21459,"tags":["mobile","desktop"]},"media/panorama_DCE5C8AC_CB85_E0DB_41DC_85EA061BF928_0/b/vr/0.jpg":{"size":48882,"tags":"mobilevr"},"media/panorama_DCE5C8AC_CB85_E0DB_41DC_85EA061BF928_0/d/0/0_1.jpg":{"size":13659,"tags":["mobile","desktop"]},"media/panorama_DB80F24C_CB85_E05B_41E6_5B4A07B846DF_0/l/0/1_1.jpg":{"size":27467,"tags":["mobile","desktop"]},"media/panorama_DCE5C8AC_CB85_E0DB_41DC_85EA061BF928_0/u/0/1_0.jpg":{"size":11163,"tags":["mobile","desktop"]},"media/panorama_DB80F24C_CB85_E05B_41E6_5B4A07B846DF_t.jpg":{"size":4489},"media/panorama_DCE5C8AC_CB85_E0DB_41DC_85EA061BF928_0/f/0/1_1.jpg":{"size":27663,"tags":["mobile","desktop"]},"media/panorama_DB820E86_CB85_E0D7_41E1_8D603CC45895_0/d/1/0_0.jpg":{"size":28336},"media/panorama_DCE5C8AC_CB85_E0DB_41DC_85EA061BF928_0/l/0/1_0.jpg":{"size":18558,"tags":["mobile","desktop"]},"media/panorama_DB820E86_CB85_E0D7_41E1_8D603CC45895_0/l/1/0_0.jpg":{"size":29465},"media/panorama_DB820E86_CB85_E0D7_41E1_8D603CC45895_0/l/0/1_1.jpg":{"size":28990,"tags":["mobile","desktop"]},"media/panorama_DCE5C8AC_CB85_E0DB_41DC_85EA061BF928_0/b/0/0_0.jpg":{"size":14977,"tags":["mobile","desktop"]},"lib/cursors/FSE.cur":{"size":4526},"media/panorama_DCE5C8AC_CB85_E0DB_41DC_85EA061BF928_0/b/0/1_0.jpg":{"size":10766,"tags":["mobile","desktop"]},"media/panorama_DB820E86_CB85_E0D7_41E1_8D603CC45895_0/d/0/1_1.jpg":{"size":26204,"tags":["mobile","desktop"]},"media/panorama_DB820E86_CB85_E0D7_41E1_8D603CC45895_0/b/vr/0.jpg":{"size":70151,"tags":"mobilevr"},"media/panorama_DB820E86_CB85_E0D7_41E1_8D603CC45895_0/f/0/0_1.jpg":{"size":12900,"tags":["mobile","desktop"]},"media/panorama_DB80F24C_CB85_E05B_41E6_5B4A07B846DF_0/f/0/1_0.jpg":{"size":26672,"tags":["mobile","desktop"]},"misc/icon192.png":{"size":24549},"media/panorama_DB80F24C_CB85_E05B_41E6_5B4A07B846DF_0/r/0/0_1.jpg":{"size":22165,"tags":["mobile","desktop"]},"media/panorama_DB820E86_CB85_E0D7_41E1_8D603CC45895_0/u/0/1_0.jpg":{"size":15237,"tags":["mobile","desktop"]},"media/panorama_DB80F24C_CB85_E05B_41E6_5B4A07B846DF_0/u/1/0_0.jpg":{"size":10494},"media/panorama_DB820E86_CB85_E0D7_41E1_8D603CC45895_hd_t.jpg":{"size":93443},"media/panorama_DCE5C8AC_CB85_E0DB_41DC_85EA061BF928_0/u/vr/0.jpg":{"size":39488,"tags":"mobilevr"},"media/panorama_DCE5C8AC_CB85_E0DB_41DC_85EA061BF928_0/r/0/0_1.jpg":{"size":19936,"tags":["mobile","desktop"]},"media/panorama_DB80C668_CB85_E05B_41AA_59EA1C847556_0/l/1/0_0.jpg":{"size":26155},"media/panorama_DB80C668_CB85_E05B_41AA_59EA1C847556_0/r/0/1_1.jpg":{"size":18694,"tags":["mobile","desktop"]},"lib/cursors/E.cur":{"size":3542},"media/panorama_DB80C668_CB85_E05B_41AA_59EA1C847556_0/d/0/1_0.jpg":{"size":20550,"tags":["mobile","desktop"]},"media/panorama_DB80C668_CB85_E05B_41AA_59EA1C847556_0/u/0/1_0.jpg":{"size":6935,"tags":["mobile","desktop"]},"media/panorama_DB80C668_CB85_E05B_41AA_59EA1C847556_0/r/1/0_0.jpg":{"size":31841},"media/panorama_DB80C668_CB85_E05B_41AA_59EA1C847556_0/d/0/0_1.jpg":{"size":24562,"tags":["mobile","desktop"]},"media/panorama_DB820E86_CB85_E0D7_41E1_8D603CC45895_0/l/vr/0.jpg":{"size":80862,"tags":"mobilevr"},"favicon.ico":{"size":5011},"lib/tdvplayer.js":{"size":2032849},"media/panorama_DB80C668_CB85_E05B_41AA_59EA1C847556_0/f/vr/0.jpg":{"size":79373,"tags":"mobilevr"},"media/panorama_DB80F24C_CB85_E05B_41E6_5B4A07B846DF_0/b/0/1_0.jpg":{"size":24737,"tags":["mobile","desktop"]},"media/panorama_DB820E86_CB85_E0D7_41E1_8D603CC45895_0/r/vr/0.jpg":{"size":61664,"tags":"mobilevr"},"media/panorama_DB80F24C_CB85_E05B_41E6_5B4A07B846DF_0/d/1/0_0.jpg":{"size":27624},"media/panorama_DB820E86_CB85_E0D7_41E1_8D603CC45895_0/f/0/1_0.jpg":{"size":26853,"tags":["mobile","desktop"]},"lib/cursors/FS.cur":{"size":4526},"media/panorama_DCE5C8AC_CB85_E0DB_41DC_85EA061BF928_0/u/0/1_1.jpg":{"size":7297,"tags":["mobile","desktop"]},"media/panorama_DCE5C8AC_CB85_E0DB_41DC_85EA061BF928_0/f/1/0_0.jpg":{"size":26181},"media/panorama_DB820E86_CB85_E0D7_41E1_8D603CC45895_0/r/0/0_0.jpg":{"size":17946,"tags":["mobile","desktop"]},"media/panorama_DB80C668_CB85_E05B_41AA_59EA1C847556_0/u/vr/0.jpg":{"size":46530,"tags":"mobilevr"},"misc/icon64.png":{"size":5119},"media/panorama_DB80F24C_CB85_E05B_41E6_5B4A07B846DF_0/b/1/0_0.jpg":{"size":21132},"media/panorama_DB820E86_CB85_E0D7_41E1_8D603CC45895_0/b/0/0_0.jpg":{"size":22131,"tags":["mobile","desktop"]},"lib/cursors/N.cur":{"size":3542},"media/panorama_DB80F24C_CB85_E05B_41E6_5B4A07B846DF_0/f/0/1_1.jpg":{"size":20981,"tags":["mobile","desktop"]},"lib/cursors/FNE.cur":{"size":4526},"media/panorama_DCE5C8AC_CB85_E0DB_41DC_85EA061BF928_0/l/0/0_1.jpg":{"size":9786,"tags":["mobile","desktop"]},"media/panorama_DB80F24C_CB85_E05B_41E6_5B4A07B846DF_0/r/0/0_0.jpg":{"size":26127,"tags":["mobile","desktop"]},"media/panorama_DB820E86_CB85_E0D7_41E1_8D603CC45895_0/u/vr/0.jpg":{"size":42014,"tags":"mobilevr"},"media/panorama_DB80F24C_CB85_E05B_41E6_5B4A07B846DF_0/u/0/1_1.jpg":{"size":8045,"tags":["mobile","desktop"]},"lib/exit.png":{"size":902},"media/panorama_DB80F24C_CB85_E05B_41E6_5B4A07B846DF_0/d/vr/0.jpg":{"size":86441,"tags":"mobilevr"},"media/panorama_DB80C668_CB85_E05B_41AA_59EA1C847556_0/l/0/1_0.jpg":{"size":20108,"tags":["mobile","desktop"]},"media/panorama_DB820E86_CB85_E0D7_41E1_8D603CC45895_0/d/0/0_0.jpg":{"size":23876,"tags":["mobile","desktop"]},"media/panorama_DB80C668_CB85_E05B_41AA_59EA1C847556_0/d/0/1_1.jpg":{"size":16827,"tags":["mobile","desktop"]},"media/panorama_DB820E86_CB85_E0D7_41E1_8D603CC45895_0/r/0/0_1.jpg":{"size":13721,"tags":["mobile","desktop"]},"media/panorama_DB80C668_CB85_E05B_41AA_59EA1C847556_0/l/vr/0.jpg":{"size":74297,"tags":"mobilevr"},"lib/cursors/FSW.cur":{"size":4526},"locale/es.txt":{"size":360},"media/panorama_DB80C668_CB85_E05B_41AA_59EA1C847556_0/f/0/0_1.jpg":{"size":22686,"tags":["mobile","desktop"]},"media/panorama_DB80C668_CB85_E05B_41AA_59EA1C847556_0/r/0/0_0.jpg":{"size":24223,"tags":["mobile","desktop"]},"media/panorama_DB80F24C_CB85_E05B_41E6_5B4A07B846DF_0/f/0/0_0.jpg":{"size":21729,"tags":["mobile","desktop"]},"misc/icon512.png":{"size":78926},"media/panorama_DB80C668_CB85_E05B_41AA_59EA1C847556_0/b/0/1_0.jpg":{"size":17577,"tags":["mobile","desktop"]},"media/panorama_DB820E86_CB85_E0D7_41E1_8D603CC45895_0/b/0/0_1.jpg":{"size":10305,"tags":["mobile","desktop"]},"media/panorama_DB80C668_CB85_E05B_41AA_59EA1C847556_0/r/0/1_0.jpg":{"size":26318,"tags":["mobile","desktop"]},"media/panorama_DB80F24C_CB85_E05B_41E6_5B4A07B846DF_0/u/vr/0.jpg":{"size":30811,"tags":"mobilevr"},"media/panorama_DCE5C8AC_CB85_E0DB_41DC_85EA061BF928_0/f/0/0_1.jpg":{"size":23619,"tags":["mobile","desktop"]},"media/panorama_DCE5C8AC_CB85_E0DB_41DC_85EA061BF928_0/d/vr/0.jpg":{"size":55121,"tags":"mobilevr"},"media/panorama_DCE5C8AC_CB85_E0DB_41DC_85EA061BF928_0/d/0/1_1.jpg":{"size":9977,"tags":["mobile","desktop"]},"lib/cursors/FN.cur":{"size":4526},"media/panorama_DB80C668_CB85_E05B_41AA_59EA1C847556_0/r/0/0_1.jpg":{"size":24951,"tags":["mobile","desktop"]},"media/panorama_DCE5C8AC_CB85_E0DB_41DC_85EA061BF928_0/f/0/1_0.jpg":{"size":15985,"tags":["mobile","desktop"]},"media/panorama_DB820E86_CB85_E0D7_41E1_8D603CC45895_0/u/0/0_1.jpg":{"size":12300,"tags":["mobile","desktop"]},"media/panorama_DB80F24C_CB85_E05B_41E6_5B4A07B846DF_0/u/0/0_0.jpg":{"size":10137,"tags":["mobile","desktop"]},"media/panorama_DB80F24C_CB85_E05B_41E6_5B4A07B846DF_0/r/1/0_0.jpg":{"size":30367},"media/panorama_DCE5C8AC_CB85_E0DB_41DC_85EA061BF928_t.jpg":{"size":4302},"media/panorama_DB820E86_CB85_E0D7_41E1_8D603CC45895_0/u/1/0_0.jpg":{"size":14886},"misc/icon150.png":{"size":16638},"media/panorama_DB80F24C_CB85_E05B_41E6_5B4A07B846DF_0/b/0/0_0.jpg":{"size":25107,"tags":["mobile","desktop"]},"media/panorama_DB80C668_CB85_E05B_41AA_59EA1C847556_0/b/1/0_0.jpg":{"size":19013},"media/panorama_DB820E86_CB85_E0D7_41E1_8D603CC45895_0/b/0/1_1.jpg":{"size":19275,"tags":["mobile","desktop"]},"lib/cursors/SW.cur":{"size":3542},"media/panorama_DB80C668_CB85_E05B_41AA_59EA1C847556_0/l/0/1_1.jpg":{"size":22161,"tags":["mobile","desktop"]},"lib/cursors/SE.cur":{"size":3542},"media/panorama_DCE5C8AC_CB85_E0DB_41DC_85EA061BF928_0/r/0/1_0.jpg":{"size":21680,"tags":["mobile","desktop"]},"lib/Hls.js":{"size":252957},"lib/cursors/grab.cur":{"size":326},"media/panorama_DCE5C8AC_CB85_E0DB_41DC_85EA061BF928_0/b/0/1_1.jpg":{"size":15998,"tags":["mobile","desktop"]},"lib/cursors/FW.cur":{"size":4526},"media/panorama_DB820E86_CB85_E0D7_41E1_8D603CC45895_0/l/0/0_1.jpg":{"size":21169,"tags":["mobile","desktop"]},"media/panorama_DCE5C8AC_CB85_E0DB_41DC_85EA061BF928_0/u/0/0_0.jpg":{"size":11972,"tags":["mobile","desktop"]},"media/panorama_DB820E86_CB85_E0D7_41E1_8D603CC45895_0/u/0/1_1.jpg":{"size":12055,"tags":["mobile","desktop"]},"media/panorama_DB820E86_CB85_E0D7_41E1_8D603CC45895_0/l/0/0_0.jpg":{"size":13973,"tags":["mobile","desktop"]},"misc/icon16.png":{"size":760},"script_general.js":{"size":40196},"media/panorama_DB80C668_CB85_E05B_41AA_59EA1C847556_0/d/1/0_0.jpg":{"size":26018},"media/panorama_DB80C668_CB85_E05B_41AA_59EA1C847556_0/l/0/0_1.jpg":{"size":20560,"tags":["mobile","desktop"]},"media/panorama_DCE5C8AC_CB85_E0DB_41DC_85EA061BF928_0/r/0/0_0.jpg":{"size":18526,"tags":["mobile","desktop"]},"media/panorama_DB80F24C_CB85_E05B_41E6_5B4A07B846DF_0/u/0/1_0.jpg":{"size":7692,"tags":["mobile","desktop"]},"lib/cursors/S.cur":{"size":3542},"lib/tdvplayer.json":{"size":40},"media/res_DD2B97AA_CB86_60DF_41BD_AC39724A43E2_0.png":{"size":85266},"media/panorama_DB80C668_CB85_E05B_41AA_59EA1C847556_0/u/0/1_1.jpg":{"size":14536,"tags":["mobile","desktop"]},"media/panorama_DB80F24C_CB85_E05B_41E6_5B4A07B846DF_0/b/0/0_1.jpg":{"size":7386,"tags":["mobile","desktop"]},"media/panorama_DCE5C8AC_CB85_E0DB_41DC_85EA061BF928_0/u/1/0_0.jpg":{"size":13935},"media/panorama_DB820E86_CB85_E0D7_41E1_8D603CC45895_0/r/0/1_0.jpg":{"size":16975,"tags":["mobile","desktop"]},"media/panorama_DB80F24C_CB85_E05B_41E6_5B4A07B846DF_0/d/0/0_0.jpg":{"size":34746,"tags":["mobile","desktop"]},"media/panorama_DB80C668_CB85_E05B_41AA_59EA1C847556_0/d/0/0_0.jpg":{"size":22068,"tags":["mobile","desktop"]},"thumbnail.png":{"size":50213},"media/panorama_DB80F24C_CB85_E05B_41E6_5B4A07B846DF_0/f/1/0_0.jpg":{"size":28246},"media/panorama_DB80C668_CB85_E05B_41AA_59EA1C847556_t.jpg":{"size":5122},"media/panorama_DB80F24C_CB85_E05B_41E6_5B4A07B846DF_0/l/0/0_1.jpg":{"size":24086,"tags":["mobile","desktop"]},"media/panorama_DB80C668_CB85_E05B_41AA_59EA1C847556_0/b/0/1_1.jpg":{"size":15897,"tags":["mobile","desktop"]},"media/panorama_DB820E86_CB85_E0D7_41E1_8D603CC45895_0/d/0/1_0.jpg":{"size":22803,"tags":["mobile","desktop"]},"media/panorama_DB80C668_CB85_E05B_41AA_59EA1C847556_0/d/vr/0.jpg":{"size":79375,"tags":"mobilevr"},"media/panorama_DB80F24C_CB85_E05B_41E6_5B4A07B846DF_0/r/vr/0.jpg":{"size":88691,"tags":"mobilevr"},"media/panorama_DB820E86_CB85_E0D7_41E1_8D603CC45895_0/d/0/0_1.jpg":{"size":20529,"tags":["mobile","desktop"]},"media/panorama_DB80F24C_CB85_E05B_41E6_5B4A07B846DF_0/r/0/1_1.jpg":{"size":22037,"tags":["mobile","desktop"]},"media/panorama_DB80F24C_CB85_E05B_41E6_5B4A07B846DF_0/d/0/1_0.jpg":{"size":16549,"tags":["mobile","desktop"]},"lib/preload.gif":{"size":4178},"media/panorama_DB80F24C_CB85_E05B_41E6_5B4A07B846DF_hd_t.jpg":{"size":94951},"media/panorama_DCE5C8AC_CB85_E0DB_41DC_85EA061BF928_0/u/0/0_1.jpg":{"size":13214,"tags":["mobile","desktop"]},"media/panorama_DB820E86_CB85_E0D7_41E1_8D603CC45895_0/u/0/0_0.jpg":{"size":7966,"tags":["mobile","desktop"]},"media/panorama_DB820E86_CB85_E0D7_41E1_8D603CC45895_0/f/0/0_0.jpg":{"size":19852,"tags":["mobile","desktop"]},"media/panorama_DCE5C8AC_CB85_E0DB_41DC_85EA061BF928_hd_t.jpg":{"size":73970},"lib/cursors/NW.cur":{"size":3542},"media/panorama_DB80F24C_CB85_E05B_41E6_5B4A07B846DF_0/d/0/0_1.jpg":{"size":20392,"tags":["mobile","desktop"]},"media/panorama_DB80F24C_CB85_E05B_41E6_5B4A07B846DF_0/b/vr/0.jpg":{"size":58500,"tags":"mobilevr"},"lib/WebVRPolyfill.js":{"size":101327},"media/panorama_DB80F24C_CB85_E05B_41E6_5B4A07B846DF_0/l/0/0_0.jpg":{"size":17183,"tags":["mobile","desktop"]},"media/panorama_DB80C668_CB85_E05B_41AA_59EA1C847556_0/f/0/0_0.jpg":{"size":14447,"tags":["mobile","desktop"]},"media/panorama_DCE5C8AC_CB85_E0DB_41DC_85EA061BF928_0/d/0/1_0.jpg":{"size":17669,"tags":["mobile","desktop"]},"media/panorama_DB80C668_CB85_E05B_41AA_59EA1C847556_0/f/0/1_0.jpg":{"size":21521,"tags":["mobile","desktop"]},"media/panorama_DB80C668_CB85_E05B_41AA_59EA1C847556_0/u/0/0_0.jpg":{"size":9868,"tags":["mobile","desktop"]},"media/panorama_DB80F24C_CB85_E05B_41E6_5B4A07B846DF_0/b/0/1_1.jpg":{"size":7250,"tags":["mobile","desktop"]},"media/panorama_DB80C668_CB85_E05B_41AA_59EA1C847556_hd_t.jpg":{"size":93847},"media/panorama_DB80C668_CB85_E05B_41AA_59EA1C847556_0/b/0/0_1.jpg":{"size":10229,"tags":["mobile","desktop"]},"media/panorama_DB80F24C_CB85_E05B_41E6_5B4A07B846DF_0/l/vr/0.jpg":{"size":84382,"tags":"mobilevr"},"media/panorama_DCE5C8AC_CB85_E0DB_41DC_85EA061BF928_0/f/0/0_0.jpg":{"size":9278,"tags":["mobile","desktop"]},"media/panorama_DB820E86_CB85_E0D7_41E1_8D603CC45895_0/d/vr/0.jpg":{"size":87668,"tags":"mobilevr"},"media/panorama_DB80C668_CB85_E05B_41AA_59EA1C847556_0/f/0/1_1.jpg":{"size":25448,"tags":["mobile","desktop"]},"lib/cursors/NE.cur":{"size":3542},"media/panorama_DB80F24C_CB85_E05B_41E6_5B4A07B846DF_0/l/1/0_0.jpg":{"size":29612},"media/panorama_DB80F24C_CB85_E05B_41E6_5B4A07B846DF_0/u/0/0_1.jpg":{"size":11137,"tags":["mobile","desktop"]},"media/panorama_DB80C668_CB85_E05B_41AA_59EA1C847556_0/u/0/0_1.jpg":{"size":19788,"tags":["mobile","desktop"]}}